rank,prev_rank,name,league,off,def,spi
1,1,Bayern Munich,German Bundesliga,3.45,0.39,94.04
2,2,Manchester City,Barclays Premier League,2.87,0.26,92.71
3,4,Barcelona,Spanish Primera Division,2.88,0.45,89.88
4,3,Paris Saint-Germain,French Ligue 1,2.96,0.5,89.63
5,6,Real Madrid,Spanish Primera Division,2.64,0.41,88.53
6,5,Liverpool,Barclays Premier League,2.74,0.52,87.67
7,9,Borussia Dortmund,German Bundesliga,2.45,0.4,86.95
8,7,Atletico Madrid,Spanish Primera Division,2.35,0.37,86.49
9,11,Chelsea,Barclays Premier League,2.42,0.48,85.19
10,10,Internazionale,Italy Serie A,2.63,0.6,85.16
11,8,RB Leipzig,German Bundesliga,2.42,0.5,84.65
12,12,Manchester United,Barclays Premier League,2.44,0.53,84.41
13,15,Napoli,Italy Serie A,2.21,0.52,81.87
14,13,Sevilla FC,Spanish Primera Division,2.02,0.42,81.53
15,19,FC Salzburg,Austrian T-Mobile Bundesliga,2.94,0.99,81.41
16,18,Real Sociedad,Spanish Primera Division,2.04,0.45,81.11
17,17,AC Milan,Italy Serie A,2.35,0.64,81.08
18,14,Juventus,Italy Serie A,2.34,0.64,80.92
19,16,Tottenham Hotspur,Barclays Premier League,2.27,0.62,80.41
20,20,Atalanta,Italy Serie A,2.49,0.79,79.77
21,22,Arsenal,Barclays Premier League,2.13,0.56,79.73
22,36,Ajax,Dutch Eredivisie,2.73,0.97,79.25
23,21,Leicester City,Barclays Premier League,2.14,0.6,79.12
24,23,Bayer Leverkusen,German Bundesliga,2.08,0.6,78.32
25,26,Benfica,Portuguese Liga,2.3,0.79,77.33
26,29,Villarreal,Spanish Primera Division,2.13,0.68,77.14
27,25,Borussia Monchengladbach,German Bundesliga,2.23,0.76,76.8
28,28,Lyon,French Ligue 1,2.1,0.69,76.58
29,32,Wolverhampton,Barclays Premier League,1.83,0.53,76.13
30,27,Everton,Barclays Premier League,2.08,0.7,75.99
31,33,Getafe,Spanish Primera Division,1.72,0.48,75.39
32,24,Zenit St Petersburg,Russian Premier Liga,2.09,0.73,75.37
33,30,Shakhtar Donetsk,UEFA Champions League,2.38,0.95,74.93
34,34,AS Roma,Italy Serie A,2.22,0.85,74.8
35,35,Olympiacos,Greek Super League,2.01,0.71,74.62
36,37,West Ham United,Barclays Premier League,2.05,0.75,74.36
37,31,FC Porto,Portuguese Liga,2.15,0.82,74.36
38,40,TSG Hoffenheim,German Bundesliga,2.23,0.88,74.22
39,41,Southampton,Barclays Premier League,1.98,0.71,74.16
40,38,Lille,French Ligue 1,1.88,0.64,74.11
41,39,Eintracht Frankfurt,German Bundesliga,2.09,0.84,72.84
42,43,VfL Wolfsburg,German Bundesliga,1.91,0.75,72.17
43,42,Granada,Spanish Primera Division,1.81,0.68,71.94
44,44,Real Betis,Spanish Primera Division,1.89,0.74,71.84
45,47,Aston Villa,Barclays Premier League,2.0,0.85,71.23
46,50,Flamengo,Brasileiro Série A,2.03,0.88,71.11
47,49,Celta Vigo,Spanish Primera Division,1.76,0.68,71.05
48,45,Brighton and Hove Albion,Barclays Premier League,1.91,0.79,71.01
49,51,Athletic Bilbao,Spanish Primera Division,1.73,0.66,70.87
50,48,Lazio,Italy Serie A,1.99,0.91,69.75
51,58,CSKA Moscow,Russian Premier Liga,1.83,0.8,69.48
52,52,Osasuna,Spanish Primera Division,1.73,0.73,69.19
53,54,Leeds United,Barclays Premier League,1.92,0.89,68.84
54,46,Club Brugge,Belgian Jupiler League,1.99,0.95,68.64
55,61,Cadiz,Spanish Primera Division,1.67,0.72,68.42
56,55,AS Monaco,French Ligue 1,1.98,0.97,67.93
57,53,Fiorentina,Italy Serie A,1.91,0.93,67.74
58,57,Hertha Berlin,German Bundesliga,1.97,0.98,67.67
59,64,Sheffield United,Barclays Premier League,1.66,0.75,67.39
60,56,Burnley,Barclays Premier League,1.7,0.78,67.29
61,59,Young Boys,Swiss Raiffeisen Super League,1.94,0.97,67.22
62,65,Dynamo Kiev,UEFA Champions League,1.94,1.01,66.4
63,62,Stade Rennes,French Ligue 1,1.72,0.83,66.36
64,63,Crystal Palace,Barclays Premier League,1.73,0.84,66.28
65,68,Levante,Spanish Primera Division,1.84,0.94,65.93
66,67,Valencia,Spanish Primera Division,1.77,0.9,65.84
67,60,Celtic,Scottish Premiership,2.11,1.18,65.69
68,69,Sassuolo,Italy Serie A,2.07,1.14,65.63
69,70,River Plate,Argentina Primera Division,1.74,0.88,65.48
70,66,Eibar,Spanish Primera Division,1.58,0.76,65.38
71,78,FC Cologne,German Bundesliga,1.84,0.99,64.94
72,76,Newcastle,Barclays Premier League,1.71,0.89,64.88
73,75,1. FC Union Berlin,German Bundesliga,1.69,0.87,64.84
74,72,Kawasaki Frontale,Japanese J League,2.02,1.15,64.73
75,74,Marseille,French Ligue 1,1.66,0.85,64.62
76,73,Dinamo Zagreb,UEFA Europa League,1.97,1.12,64.3
77,79,Rangers,Scottish Premiership,1.76,0.95,64.3
78,82,VfB Stuttgart,German Bundesliga,1.77,0.96,64.18
79,71,SD Huesca,Spanish Primera Division,1.68,0.89,64.15
80,85,Slavia Prague,UEFA Europa League,1.92,1.09,64.15
81,89,Alavés,Spanish Primera Division,1.61,0.84,63.78
82,83,AFC Bournemouth,English League Championship,1.71,0.93,63.76
83,77,Werder Bremen,German Bundesliga,1.75,0.97,63.64
84,90,PSV,Dutch Eredivisie,1.9,1.1,63.43
85,95,Sporting CP,Portuguese Liga,1.65,0.89,63.42
86,84,SC Freiburg,German Bundesliga,1.83,1.05,63.34
87,92,Sampdoria,Italy Serie A,1.82,1.04,63.24
88,91,Udinese,Italy Serie A,1.66,0.93,62.86
89,86,FC Augsburg,German Bundesliga,1.71,0.97,62.81
90,93,Grêmio,Brasileiro Série A,1.58,0.87,62.61
91,88,Braga,Portuguese Liga,1.76,1.04,62.3
92,96,Spartak Moscow,Russian Premier Liga,1.61,0.91,62.18
93,94,Guangzhou Evergrande,Chinese Super League,1.87,1.15,61.79
94,104,Brentford,English League Championship,1.66,0.97,61.69
95,97,São Paulo,Brasileiro Série A,1.45,0.8,61.58
96,81,Real Valladolid,Spanish Primera Division,1.53,0.88,61.32
97,100,Espanyol,Spanish Segunda Division,1.49,0.85,61.12
98,108,Bordeaux,French Ligue 1,1.45,0.81,61.11
99,109,PAOK Salonika,Greek Super League,1.44,0.81,61.01
100,106,Atletico Mineiro,Brasileiro Série A,1.69,1.03,60.87
101,102,Lens,French Ligue 1,1.61,0.97,60.62
102,98,Fulham,Barclays Premier League,1.7,1.06,60.4
103,103,Boca Juniors,Argentina Primera Division,1.47,0.87,60.25
104,111,Nice,French Ligue 1,1.6,1.0,59.89
105,107,Norwich City,English League Championship,1.7,1.08,59.81
106,110,Elche,Spanish Primera Division,1.56,0.96,59.8
107,87,Watford,English League Championship,1.56,0.96,59.78
108,119,West Bromwich Albion,Barclays Premier League,1.58,0.99,59.62
109,117,Bologna,Italy Serie A,1.74,1.13,59.55
110,114,Verona,Italy Serie A,1.55,0.96,59.51
111,112,AEK Athens,Greek Super League,1.52,0.94,59.36
112,113,Basel,Swiss Raiffeisen Super League,1.85,1.24,59.36
113,105,Internacional,Brasileiro Série A,1.45,0.89,59.19
114,99,Lokomotiv Moscow,Russian Premier Liga,1.47,0.9,59.18
115,80,FC Krasnodar,Russian Premier Liga,1.64,1.07,58.93
116,126,Palmeiras,Brasileiro Série A,1.53,0.97,58.92
117,118,AZ,Dutch Eredivisie,1.89,1.29,58.91
118,127,Strasbourg,French Ligue 1,1.6,1.04,58.66
119,120,Angers,French Ligue 1,1.49,0.95,58.6
120,145,LASK Linz,Austrian T-Mobile Bundesliga,1.75,1.19,58.48
121,121,Shanghai SIPG,Chinese Super League,1.69,1.13,58.37
122,122,Beijing Guoan,Chinese Super League,1.76,1.21,58.34
123,116,Mainz,German Bundesliga,1.78,1.23,58.19
124,123,Nantes,French Ligue 1,1.5,0.98,58.03
125,149,Istanbul Basaksehir,Turkish Turkcell Super Lig,1.65,1.13,57.68
126,131,Metz,French Ligue 1,1.41,0.92,57.5
127,115,Arminia Bielefeld,German Bundesliga,1.54,1.04,57.38
128,130,Torino,Italy Serie A,1.68,1.18,57.32
129,136,Red Star Belgrade,UEFA Europa League,1.92,1.4,57.3
130,132,Galatasaray,Turkish Turkcell Super Lig,1.61,1.11,57.23
131,129,Rapid Vienna,Austrian T-Mobile Bundesliga,1.82,1.31,57.19
132,175,Reims,French Ligue 1,1.47,0.99,57.14
133,128,Tigres UANL,Mexican Primera Division Torneo Apertura,1.52,1.05,56.79
134,143,Cruz Azul,Mexican Primera Division Torneo Apertura,1.61,1.13,56.78
135,125,Feyenoord,Dutch Eredivisie,1.85,1.35,56.73
136,140,Alanyaspor,Turkish Turkcell Super Lig,1.62,1.14,56.71
137,133,Ludogorets,UEFA Europa League,1.63,1.16,56.6
138,146,Sporting de Charleroi,Belgian Jupiler League,1.55,1.09,56.47
139,138,Maccabi Tel-Aviv,UEFA Europa League,1.5,1.05,56.21
140,139,Bodo/Glimt,Norwegian Tippeligaen,2.12,1.64,56.06
141,148,Parma,Italy Serie A,1.7,1.25,56.01
142,142,Cagliari,Italy Serie A,1.65,1.21,55.68
143,135,FC Midtjylland,Danish SAS-Ligaen,1.7,1.26,55.62
144,154,Fenerbahce,Turkish Turkcell Super Lig,1.65,1.22,55.62
145,101,Montpellier,French Ligue 1,1.56,1.14,55.37
146,144,Hapoel Be'er,UEFA Europa League,1.69,1.27,55.36
147,134,Schalke 04,German Bundesliga,1.57,1.15,55.34
148,147,Malmo FF,Swedish Allsvenskan,1.68,1.27,55.25
149,124,Trabzonspor,Turkish Turkcell Super Lig,1.84,1.42,55.1
150,137,Santos,Brasileiro Série A,1.4,1.01,55.09
151,141,Brest,French Ligue 1,1.59,1.2,54.85
152,156,Antwerp,Belgian Jupiler League,1.65,1.26,54.73
153,151,Anderlecht,Belgian Jupiler League,1.64,1.25,54.56
154,152,Ferencvaros,UEFA Champions League,1.63,1.25,54.41
155,162,Molde,Norwegian Tippeligaen,1.9,1.53,54.13
156,166,Vitesse,Dutch Eredivisie,1.66,1.3,53.98
157,150,Genoa,Italy Serie A,1.53,1.18,53.97
158,157,León,Mexican Primera Division Torneo Apertura,1.54,1.19,53.92
159,159,Besiktas,Turkish Turkcell Super Lig,1.73,1.37,53.9
160,158,St Etienne,French Ligue 1,1.38,1.04,53.87
161,174,Swansea City,English League Championship,1.42,1.07,53.73
162,155,Benevento,Italy Serie A,1.57,1.24,53.55
163,170,FC Copenhagen,Danish SAS-Ligaen,1.62,1.28,53.49
164,167,CSKA Sofia,UEFA Europa League,1.33,1.01,53.41
165,160,Monterrey,Mexican Primera Division Torneo Apertura,1.57,1.24,53.41
166,196,Genk,Belgian Jupiler League,1.73,1.39,53.39
167,164,Velez Sarsfield,Argentina Primera Division,1.22,0.9,53.34
168,161,Guimaraes,Portuguese Liga,1.32,1.0,53.26
169,153,Nimes,French Ligue 1,1.43,1.11,53.25
170,185,Blackburn,English League Championship,1.54,1.22,53.09
171,163,Sparta Prague,UEFA Europa League,1.64,1.33,52.8
172,189,Dinamo Moscow,Russian Premier Liga,1.21,0.91,52.73
173,165,Lech Poznan,UEFA Europa League,1.4,1.1,52.69
174,186,Rio Ave,Portuguese Liga,1.3,1.01,52.55
175,207,Rubin Kazan,Russian Premier Liga,1.31,1.03,52.46
176,171,Stoke City,English League Championship,1.36,1.08,52.29
177,169,Lorient,French Ligue 1,1.47,1.19,52.26
178,172,CFR 1907 Cluj,UEFA Europa League,1.52,1.24,52.23
179,173,Sochi,Russian Premier Liga,1.49,1.22,51.85
180,177,Santos Laguna,Mexican Primera Division Torneo Apertura,1.44,1.17,51.83
181,180,Defensa y Justicia,Argentina Primera Division,1.28,1.02,51.81
182,179,FC Utrecht,Dutch Eredivisie,1.66,1.4,51.61
183,168,Crotone,Italy Serie A,1.49,1.23,51.6
184,176,Atlético Paranaense,Brasileiro Série A,1.18,0.93,51.42
185,188,Jiangsu Suning FC,Chinese Super League,1.5,1.26,51.28
186,190,Los Angeles FC,Major League Soccer,1.76,1.53,51.18
187,197,Fluminense,Brasileiro Série A,1.3,1.07,51.12
188,183,FK Qarabag,UEFA Europa League,1.39,1.16,50.97
189,184,Rostov,Russian Premier Liga,1.35,1.13,50.82
190,194,Club América,Mexican Primera Division Torneo Apertura,1.51,1.29,50.67
191,191,Bahía,Brasileiro Série A,1.36,1.15,50.56
192,192,Pachuca,Mexican Primera Division Torneo Apertura,1.31,1.1,50.53
193,228,Philadelphia Union,Major League Soccer,1.57,1.37,50.46
194,205,Wolfsberger AC,Austrian T-Mobile Bundesliga,1.67,1.47,50.43
195,178,KAA Gent,Belgian Jupiler League,1.64,1.44,50.38
196,201,Seattle Sounders FC,Major League Soccer,1.48,1.28,50.37
197,198,Cardiff City,English League Championship,1.37,1.17,50.33
198,193,Fortaleza,Brasileiro Série A,1.16,0.96,50.17
199,187,Spezia,Italy Serie A,1.45,1.26,50.09
200,200,Shandong Luneng,Chinese Super League,1.6,1.43,49.81
201,211,Millwall,English League Championship,1.31,1.14,49.59
202,199,Hamburg SV,German 2. Bundesliga,1.55,1.39,49.5
203,202,CA Independiente,Argentina Primera Division,1.2,1.04,49.46
204,214,New York City FC,Major League Soccer,1.55,1.39,49.38
205,215,Middlesbrough,English League Championship,1.25,1.09,49.25
206,209,Corinthians,Brasileiro Série A,1.25,1.1,49.1
207,206,Bristol City,English League Championship,1.39,1.25,48.95
208,195,AGF Aarhus,Danish SAS-Ligaen,1.52,1.38,48.92
209,181,Standard Liege,Belgian Jupiler League,1.34,1.21,48.83
210,182,Preston North End,English League Championship,1.28,1.14,48.81
211,217,Dijon FCO,French Ligue 1,1.35,1.22,48.68
212,210,Newell's Old Boys,Argentina Primera Division,1.24,1.11,48.58
213,204,St Gallen,Swiss Raiffeisen Super League,1.57,1.46,48.44
214,213,Racing Club,Argentina Primera Division,1.18,1.06,48.4
215,216,Bragantino,Brasileiro Série A,1.27,1.15,48.34
216,218,Rosenborg,Norwegian Tippeligaen,1.57,1.46,48.24
217,212,Brondby,Danish SAS-Ligaen,1.48,1.38,48.08
218,226,Toulouse,French Ligue 2,1.39,1.28,48.07
219,236,FC Nordsjaelland,Danish SAS-Ligaen,1.56,1.47,48.04
220,208,Ceará,Brasileiro Série A,1.27,1.17,47.86
221,222,Huddersfield Town,English League Championship,1.29,1.19,47.86
222,203,Yokohama F. Marinos,Japanese J League,1.71,1.64,47.74
223,221,Panathinaikos,Greek Super League,1.08,0.98,47.54
224,232,Barnsley,English League Championship,1.25,1.17,47.47
225,244,Pacos Ferreira,Portuguese Liga,1.32,1.24,47.38
226,256,Djurgardens IF,Swedish Allsvenskan,1.38,1.32,47.22
227,225,Reading,English League Championship,1.23,1.16,47.17
228,233,Botafogo,Brasileiro Série A,1.28,1.23,46.71
229,229,Morelia,Mexican Primera Division Torneo Clausura,1.43,1.42,46.04
230,246,Hannover 96,German 2. Bundesliga,1.36,1.35,45.93
231,223,Santa Clara,Portuguese Liga,1.24,1.23,45.69
232,234,Lanus,Argentina Primera Division,1.28,1.27,45.68
233,252,Birmingham,English League Championship,1.22,1.22,45.46
234,227,Omonia Nicosia,UEFA Europa League,1.39,1.42,45.19
235,272,Terek Grozny,Russian Premier Liga,1.21,1.23,45.18
236,239,Portimonense,Portuguese Liga,1.19,1.2,45.05
237,278,Mallorca,Spanish Segunda Division,1.1,1.11,45.01
238,219,FC Arsenal Tula,Russian Premier Liga,1.37,1.4,45.0
239,231,Guadalajara,Mexican Primera Division Torneo Apertura,1.23,1.26,44.89
240,240,Talleres de Córdoba,Argentina Primera Division,1.21,1.23,44.82
241,242,Famalicao,Portuguese Liga,1.32,1.36,44.81
242,235,Nottingham Forest,English League Championship,1.18,1.21,44.62
243,241,Gil Vicente,Portuguese Liga,1.18,1.21,44.53
244,243,Vasco da Gama,Brasileiro Série A,1.22,1.26,44.48
245,257,Amiens,French Ligue 2,1.15,1.19,44.4
246,247,FC Tambov,Russian Premier Liga,1.12,1.16,44.31
247,254,Derby County,English League Championship,1.21,1.26,44.14
248,251,FC Lugano,Swiss Raiffeisen Super League,1.33,1.41,44.06
249,224,Fortuna Düsseldorf,German 2. Bundesliga,1.36,1.43,44.05
250,260,SC Farense,Portuguese Liga,1.29,1.36,44.03
251,250,Pumas Unam,Mexican Primera Division Torneo Apertura,1.27,1.34,43.99
252,277,Kasimpasa,Turkish Turkcell Super Lig,1.33,1.41,43.97
253,249,Aris Salonika,Greek Super League,1.32,1.4,43.8
254,245,Atlético Goianiense,Brasileiro Série A,1.15,1.21,43.77
255,253,IFK Norrkoping,Swedish Allsvenskan,1.58,1.72,43.21
256,288,SK Sturm Graz,Austrian T-Mobile Bundesliga,1.28,1.4,43.05
257,238,Queens Park Rangers,English League Championship,1.31,1.43,43.04
258,255,New England Revolution,Major League Soccer,1.3,1.43,42.94
259,259,Argentinos Juniors,Argentina Primera Division,1.0,1.08,42.87
260,248,Dundalk,UEFA Europa League,1.49,1.64,42.83
261,237,Sivasspor,Turkish Turkcell Super Lig,1.29,1.42,42.82
262,267,Orlando City SC,Major League Soccer,1.37,1.51,42.76
263,261,Rosario Central,Argentina Primera Division,1.15,1.27,42.73
264,263,Rayo Vallecano,Spanish Segunda Division,1.22,1.34,42.71
265,289,Hammarby,Swedish Allsvenskan,1.59,1.76,42.67
266,287,Heerenveen,Dutch Eredivisie,1.5,1.66,42.64
267,284,Sporting Kansas City,Major League Soccer,1.36,1.5,42.63
268,262,Estudiantes,Argentina Primera Division,1.0,1.1,42.6
269,264,Inter Miami CF,Major League Soccer,1.32,1.47,42.33
270,280,FC Groningen,Dutch Eredivisie,1.14,1.27,42.32
271,282,FC Zorya Luhansk,UEFA Europa League,1.2,1.34,42.3
272,268,Moreirense,Portuguese Liga,1.16,1.29,42.2
273,279,Portland Timbers,Major League Soccer,1.53,1.72,42.16
274,230,Sheffield Wednesday,English League Championship,1.14,1.29,41.97
275,276,Arsenal Sarandi,Argentina Primera Division,1.28,1.45,41.78
276,220,Toronto FC,Major League Soccer,1.32,1.51,41.64
277,271,C.D. Nacional,Portuguese Liga,1.14,1.31,41.53
278,273,Coritiba,Brasileiro Série A,1.1,1.26,41.51
279,307,FC Twente,Dutch Eredivisie,1.34,1.54,41.5
280,285,Tianjin Teda,Chinese Super League,1.28,1.47,41.44
281,336,Troyes,French Ligue 2,1.07,1.23,41.42
282,283,Ural Sverdlovsk Oblast,Russian Premier Liga,1.06,1.21,41.4
283,269,Slovan Liberec,UEFA Europa League,1.27,1.46,41.36
284,291,Atlético Tucumán,Argentina Primera Division,1.07,1.24,41.23
285,308,Heracles,Dutch Eredivisie,1.28,1.48,41.22
286,297,Gazisehir Gaziantep,Turkish Turkcell Super Lig,1.24,1.43,41.22
287,300,FC Luzern,Swiss Raiffeisen Super League,1.37,1.59,41.11
288,258,Cerezo Osaka,Japanese J League,1.1,1.28,41.02
289,315,Necaxa,Mexican Primera Division Torneo Apertura,1.14,1.33,40.99
290,293,San Lorenzo,Argentina Primera Division,1.14,1.33,40.96
291,295,Goztepe,Turkish Turkcell Super Lig,1.27,1.48,40.91
292,325,Rotherham United,English League Championship,1.14,1.33,40.89
293,296,Servette,Swiss Raiffeisen Super League,1.26,1.48,40.87
294,266,FK Austria Vienna,Austrian T-Mobile Bundesliga,1.22,1.43,40.77
295,298,Tondela,Portuguese Liga,1.13,1.33,40.76
296,314,Gamba Osaka,Japanese J League,1.18,1.39,40.52
297,290,Sport Recife,Brasileiro Série A,1.15,1.36,40.5
298,299,Boavista,Portuguese Liga,1.09,1.3,40.44
299,265,Columbus Crew,Major League Soccer,1.22,1.45,40.43
300,292,Konyaspor,Turkish Turkcell Super Lig,1.14,1.35,40.42
301,313,St. Pölten,Austrian T-Mobile Bundesliga,1.35,1.6,40.41
302,303,Chicago Fire,Major League Soccer,1.4,1.67,40.4
303,317,SC Paderborn,German 2. Bundesliga,1.24,1.47,40.37
304,281,Maritimo,Portuguese Liga,1.11,1.33,40.37
305,305,Patronato,Argentina Primera Division,1.2,1.43,40.35
306,306,Gimnasia La Plata,Argentina Primera Division,0.98,1.17,40.3
307,275,Monza,Italy Serie B,1.25,1.49,40.3
308,323,FC Dallas,Major League Soccer,1.3,1.56,40.23
309,270,AaB,Danish SAS-Ligaen,1.16,1.4,39.97
310,302,Willem II,Dutch Eredivisie,1.34,1.61,39.96
311,316,Querétaro,Mexican Primera Division Torneo Apertura,1.17,1.41,39.85
312,274,Kashima Antlers,Japanese J League,1.16,1.41,39.82
313,294,Tijuana,Mexican Primera Division Torneo Apertura,1.13,1.37,39.7
314,318,Banfield,Argentina Primera Division,0.98,1.2,39.66
315,309,Luton Town,English League Championship,1.08,1.32,39.63
316,353,FC Khimki,Russian Premier Liga,1.24,1.51,39.61
317,301,Arizona United,United Soccer League,1.48,1.8,39.5
318,339,Sanfrecce Hiroshima,Japanese J League,1.06,1.3,39.43
319,329,New York Red Bulls,Major League Soccer,1.24,1.53,39.32
320,321,Union Santa Fe,Argentina Primera Division,1.0,1.25,39.16
321,324,Asteras Tripolis,Greek Super League,1.04,1.3,39.02
322,311,Belenenses,Portuguese Liga,0.96,1.21,38.96
323,286,Colorado Rapids,Major League Soccer,1.36,1.69,38.94
324,328,Atlas,Mexican Primera Division Torneo Apertura,1.06,1.34,38.82
325,382,Almeria,Spanish Segunda Division,1.05,1.32,38.74
326,330,Lausanne Sports,Swiss Raiffeisen Super League,1.18,1.48,38.71
327,331,Odense BK,Danish SAS-Ligaen,1.23,1.54,38.71
328,310,PEC Zwolle,Dutch Eredivisie,1.3,1.63,38.7
329,333,Shanghai Greenland,Chinese Super League,1.34,1.68,38.68
330,350,Minnesota United FC,Major League Soccer,1.3,1.63,38.63
331,334,Henan Jianye,Chinese Super League,1.25,1.57,38.55
332,362,KFCO Beerschot-Wilrijk,Belgian Jupiler League,1.49,1.86,38.4
333,327,Leganes,Spanish Segunda Division,1.03,1.32,38.25
334,370,Nagoya Grampus Eight,Japanese J League,1.05,1.35,38.25
335,341,Hebei China Fortune FC,Chinese Super League,1.29,1.65,38.14
336,342,KV Kortrijk,Belgian Jupiler League,1.17,1.49,38.12
337,343,Mamelodi Sundowns,South African ABSA Premier League,0.98,1.26,38.09
338,340,Rijeka,UEFA Europa League,1.2,1.54,38.06
339,335,Clermont Foot,French Ligue 2,1.01,1.31,38.06
340,375,KV Mechelen,Belgian Jupiler League,1.29,1.65,38.04
341,319,Cercle Brugge,Belgian Jupiler League,1.24,1.59,38.04
342,377,Fatih Karagümrük,Turkish Turkcell Super Lig,1.19,1.54,37.94
343,344,Huracán,Argentina Primera Division,0.95,1.24,37.93
344,357,FC Juárez,Mexican Primera Division Torneo Apertura,1.11,1.44,37.92
345,371,Sporting Gijón,Spanish Segunda Division,0.89,1.16,37.88
346,326,Sparta,Dutch Eredivisie,1.3,1.68,37.81
347,379,Caykur Rizespor,Turkish Turkcell Super Lig,1.22,1.58,37.8
348,322,FC Ufa,Russian Premier Liga,0.88,1.17,37.77
349,369,Girona FC,Spanish Segunda Division,0.96,1.26,37.71
350,345,Goiás,Brasileiro Série A,1.14,1.49,37.64
351,348,Wuhan Zall,Chinese Super League,1.17,1.53,37.62
352,381,KV Oostende,Belgian Jupiler League,1.17,1.53,37.6
353,358,Kashiwa Reysol,Japanese J League,1.28,1.67,37.59
354,320,Antalyaspor,Turkish Turkcell Super Lig,1.12,1.47,37.54
355,347,Toluca,Mexican Primera Division Torneo Apertura,1.24,1.62,37.52
356,352,Vissel Kobe,Japanese J League,1.47,1.89,37.52
357,312,BK Hacken,Swedish Allsvenskan,1.08,1.42,37.48
358,304,Coventry City,English League Championship,1.12,1.48,37.43
359,354,FC Sion,Swiss Raiffeisen Super League,1.02,1.36,37.31
360,366,Hartberg,Austrian T-Mobile Bundesliga,1.34,1.75,37.31
361,355,Atromitos,Greek Super League,1.0,1.33,37.25
362,356,Central Córdoba Santiago del Estero,Argentina Primera Division,1.0,1.34,37.16
363,380,Randers FC,Danish SAS-Ligaen,1.13,1.5,37.16
364,373,OH Leuven,Belgian Jupiler League,1.28,1.68,37.1
365,332,Hull City,English League One,1.18,1.56,37.06
366,359,Spal,Italy Serie B,1.21,1.61,36.84
367,389,FK Volgograd,Russian Premier Liga,1.06,1.43,36.82
368,376,Houston Dynamo,Major League Soccer,1.29,1.72,36.71
369,365,Dalian Aerbin,Chinese Super League,1.29,1.73,36.66
370,368,Kaizer Chiefs,South African ABSA Premier League,1.01,1.39,36.44
371,349,Brescia,Italy Serie B,1.14,1.55,36.41
372,402,Aberdeen,Scottish Premiership,1.13,1.54,36.36
373,360,Puebla,Mexican Primera Division Torneo Apertura,1.08,1.48,36.22
374,338,Atlanta United FC,Major League Soccer,1.06,1.46,36.2
375,351,Los Angeles Galaxy,Major League Soccer,1.34,1.81,36.15
376,386,1. FC Heidenheim 1846,German 2. Bundesliga,1.08,1.49,36.13
377,378,AIK,Swedish Allsvenskan,0.95,1.34,35.9
378,364,SV Darmstadt 98,German 2. Bundesliga,1.14,1.58,35.77
379,431,FC Cartagena,Spanish Segunda Division,1.08,1.51,35.7
380,420,FC Zurich,Swiss Raiffeisen Super League,1.32,1.82,35.67
381,361,Guingamp,French Ligue 2,0.98,1.4,35.41
382,383,Melbourne City,Australian A-League,1.17,1.64,35.39
383,434,Wycombe Wanderers,English League Championship,1.08,1.53,35.33
384,346,Atlético San Luis,Mexican Primera Division Torneo Apertura,1.1,1.56,35.21
385,384,Sydney FC,Australian A-League,1.12,1.58,35.2
386,429,Paris FC,French Ligue 2,1.02,1.47,35.06
387,367,Sunderland,English League One,1.0,1.44,35.03
388,398,Hibernian,Scottish Premiership,1.07,1.53,34.89
389,385,San Jose Earthquakes,Major League Soccer,1.21,1.72,34.87
390,337,Las Palmas,Spanish Segunda Division,1.02,1.47,34.86
391,387,OFI Crete,Greek Super League,1.06,1.52,34.85
392,388,Chongqing Lifan,Chinese Super League,1.08,1.56,34.78
393,407,Sonderjyske,Danish SAS-Ligaen,1.15,1.65,34.77
394,400,Odd BK,Norwegian Tippeligaen,1.27,1.8,34.72
395,452,Peterborough United,English League One,1.17,1.68,34.57
396,393,Karlsruher SC,German 2. Bundesliga,1.07,1.55,34.53
397,397,Real Salt Lake,Major League Soccer,1.03,1.52,34.42
398,421,VfL Bochum,German 2. Bundesliga,1.06,1.55,34.38
399,403,Yeni Malatyaspor,Turkish Turkcell Super Lig,1.07,1.56,34.36
400,453,Mazatlán FC,Mexican Primera Division Torneo Apertura,1.08,1.58,34.28
401,374,Eupen,Belgian Jupiler League,1.08,1.59,34.18
402,433,SpVgg Greuther Fürth,German 2. Bundesliga,1.07,1.57,34.13
403,438,Urawa Red Diamonds,Japanese J League,1.08,1.6,33.97
404,395,Valerenga,Norwegian Tippeligaen,1.15,1.69,33.94
405,441,Auxerre,French Ligue 2,1.04,1.55,33.91
406,399,IF Elfsborg,Swedish Allsvenskan,1.14,1.68,33.79
407,392,1. FC Nürnberg,German 2. Bundesliga,1.1,1.63,33.77
408,405,Guangzhou RF,Chinese Super League,1.44,2.07,33.73
409,406,Orlando Pirates,South African ABSA Premier League,0.98,1.48,33.73
410,390,Caen,French Ligue 2,0.94,1.43,33.72
411,408,Aldosivi,Argentina Primera Division,0.86,1.33,33.63
412,404,Vejle,Danish SAS-Ligaen,1.19,1.76,33.58
413,391,FC Tokyo,Japanese J League,0.99,1.51,33.58
414,363,Holstein Kiel,German 2. Bundesliga,1.13,1.69,33.54
415,427,Cashpoint SC Rheindorf Altach,Austrian T-Mobile Bundesliga,1.13,1.68,33.53
416,410,Tianjin Quanujian,Chinese Super League,1.16,1.73,33.51
417,418,Kristiansund BK,Norwegian Tippeligaen,1.2,1.79,33.39
418,414,Hatayspor,Turkish Turkcell Super Lig,1.01,1.54,33.37
419,430,Le Havre,French Ligue 2,0.88,1.36,33.35
420,436,Nashville SC,Major League Soccer,0.92,1.42,33.34
421,446,St. Truidense,Belgian Jupiler League,1.13,1.7,33.27
422,394,Málaga,Spanish Segunda Division,0.77,1.23,33.14
423,444,Lugo,Spanish Segunda Division,0.95,1.48,32.9
424,372,Fuenlabrada,Spanish Segunda Division,0.86,1.36,32.89
425,422,Empoli,Italy Serie B,1.05,1.62,32.88
426,413,SV Sandhausen,German 2. Bundesliga,1.09,1.68,32.84
427,425,ADO Den Haag,Dutch Eredivisie,1.18,1.8,32.73
428,426,Shenzhen FC,Chinese Super League,1.19,1.81,32.64
429,440,Mirandes,Spanish Segunda Division,0.89,1.43,32.54
430,396,SV Zulte Waregem,Belgian Jupiler League,1.19,1.82,32.45
431,409,Emmen,Dutch Eredivisie,1.16,1.79,32.41
432,423,Jahn Regensburg,German 2. Bundesliga,1.06,1.66,32.37
433,419,Fortuna Sittard,Dutch Eredivisie,1.25,1.91,32.28
434,417,Louisville City FC,United Soccer League,1.08,1.69,32.24
435,412,Ipswich Town,English League One,0.95,1.51,32.21
436,432,Grenoble,French Ligue 2,0.93,1.49,32.2
437,454,Lecce,Italy Serie B,1.05,1.66,32.17
438,411,Viking FK,Norwegian Tippeligaen,1.3,1.99,32.14
439,428,Tenerife,Spanish Segunda Division,0.83,1.36,32.12
440,456,FC St. Pauli,German 2. Bundesliga,1.13,1.77,32.04
441,437,Perth Glory,Australian A-League,1.09,1.72,31.9
442,439,Newcastle Jets,Australian A-League,1.11,1.76,31.86
443,443,Real Oviedo,Spanish Segunda Division,0.86,1.42,31.66
444,448,Reno 1868 FC,United Soccer League,1.27,2.0,31.38
445,449,Mouscron-Peruwelz,Belgian Jupiler League,0.95,1.56,31.36
446,451,Genclerbirligi,Turkish Turkcell Super Lig,0.93,1.56,30.94
447,435,Real Zaragoza,Spanish Segunda Division,0.88,1.49,30.92
448,499,Motherwell,Scottish Premiership,0.94,1.58,30.9
449,455,VfL Osnabruck,German 2. Bundesliga,0.98,1.63,30.89
450,482,Chievo Verona,Italy Serie B,0.89,1.52,30.76
451,415,Erzurumspor,Turkish Turkcell Super Lig,1.03,1.71,30.57
452,442,Kilmarnock,Scottish Premiership,0.95,1.61,30.57
453,450,SD Ponferradina,Spanish Segunda Division,0.85,1.47,30.45
454,459,Kayserispor,Turkish Turkcell Super Lig,1.06,1.77,30.45
455,424,AD Alcorcon,Spanish Segunda Division,0.82,1.43,30.36
456,469,Logrones,Spanish Segunda Division,0.95,1.62,30.35
457,476,Tampa Bay Rowdies,United Soccer League,0.96,1.64,30.21
458,460,Wellington Phoenix,Australian A-League,1.1,1.83,30.17
459,465,Denizlispor,Turkish Turkcell Super Lig,0.9,1.56,30.14
460,462,Panetolikos,Greek Super League,0.86,1.51,30.07
461,401,SV Ried,Austrian T-Mobile Bundesliga,1.06,1.79,30.0
462,464,Colon Santa Fe,Argentina Primera Division,0.83,1.48,29.95
463,445,Castellon,Spanish Segunda Division,0.9,1.57,29.93
464,472,AS Nancy Lorraine,French Ligue 2,0.81,1.45,29.91
465,463,Albacete,Spanish Segunda Division,0.77,1.39,29.86
466,468,Godoy Cruz,Argentina Primera Division,0.94,1.64,29.76
467,470,SuperSport United,South African ABSA Premier League,0.81,1.46,29.64
468,458,Montreal Impact,Major League Soccer,1.11,1.89,29.63
469,457,Valenciennes,French Ligue 2,0.77,1.41,29.59
470,477,Frosinone,Italy Serie B,0.83,1.49,29.57
471,471,Adelaide United,Australian A-League,1.22,2.05,29.37
472,416,VVV Venlo,Dutch Eredivisie,1.16,1.97,29.27
473,512,Charlton Athletic,English League One,0.87,1.57,29.18
474,447,FC Vaduz,Swiss Raiffeisen Super League,0.94,1.68,29.1
475,474,Ankaragucu,Turkish Turkcell Super Lig,0.93,1.67,29.09
476,475,Pittsburgh Riverhounds,United Soccer League,0.91,1.64,28.95
477,493,DC United,Major League Soccer,0.97,1.74,28.67
478,478,RKC,Dutch Eredivisie,1.01,1.81,28.6
479,513,Portsmouth,English League One,0.9,1.66,28.48
480,467,Sochaux,French Ligue 2,0.78,1.48,28.43
481,480,Bidvest Wits,South African ABSA Premier League,0.74,1.44,28.42
482,485,Larissa,Greek Super League,0.7,1.38,28.18
483,483,Cittadella,Italy Serie B,0.88,1.65,28.09
484,473,WSG Swarovski Wattens,Austrian T-Mobile Bundesliga,0.98,1.79,28.05
485,484,Erzgebirge Aue,German 2. Bundesliga,0.9,1.68,27.97
486,461,Doncaster Rovers,English League One,0.93,1.73,27.92
487,486,San Antonio FC,United Soccer League,1.03,1.88,27.84
488,488,AC Horsens,Danish SAS-Ligaen,0.91,1.72,27.73
489,466,IK Sirius,Swedish Allsvenskan,1.09,1.97,27.61
490,489,Lamia,Greek Super League,0.55,1.18,27.53
491,492,Reggina,Italy Serie B,0.89,1.7,27.47
492,481,FC Trenkwalder Admira,Austrian T-Mobile Bundesliga,1.08,1.98,27.43
493,496,Orebro SK,Swedish Allsvenskan,1.01,1.88,27.35
494,506,CD Sabadell,Spanish Segunda Division,0.8,1.6,26.98
495,497,Guizhou Renhe,Chinese Super League,0.94,1.82,26.81
496,498,Western Sydney FC,Australian A-League,1.07,2.0,26.8
497,495,IFK Goteborg,Swedish Allsvenskan,0.88,1.72,26.79
498,509,Mjallby,Swedish Allsvenskan,1.05,1.98,26.71
499,494,Dunkerque,French Ligue 2,0.77,1.57,26.67
500,501,Stabaek,Norwegian Tippeligaen,0.93,1.81,26.62
501,490,AC Ajaccio,French Ligue 2,0.77,1.57,26.62
502,502,Melbourne Victory,Australian A-League,1.07,2.01,26.6
503,503,Consadole Sapporo,Japanese J League,0.96,1.87,26.41
504,504,Western United,Australian A-League,1.02,1.96,26.35
505,479,Niort,French Ligue 2,0.88,1.76,26.28
506,491,Östersunds FK,Swedish Allsvenskan,0.79,1.62,26.21
507,505,Brisbane Roar,Australian A-League,0.91,1.81,26.16
508,507,Waasland-Beveren,Belgian Jupiler League,1.06,2.04,25.98
509,531,Fleetwood Town,English League One,0.8,1.67,25.84
510,508,FC Xanthi,Greek Super League,0.58,1.33,25.81
511,518,Eintracht Braunschweig,German 2. Bundesliga,0.87,1.78,25.73
512,500,Chateauroux,French Ligue 2,0.77,1.63,25.67
513,514,Salernitana,Italy Serie B,0.84,1.74,25.59
514,487,Livingston,Scottish Premiership,0.89,1.82,25.53
515,516,Sarpsborg,Norwegian Tippeligaen,0.75,1.64,25.16
516,515,Würzburger Kickers,German 2. Bundesliga,0.83,1.77,24.97
517,510,Haugesund,Norwegian Tippeligaen,0.9,1.88,24.84
518,517,Oita Trinita,Japanese J League,0.66,1.52,24.74
519,521,Stromsgodset,Norwegian Tippeligaen,1.0,2.04,24.68
520,519,F.B.C Unione Venezia,Italy Serie B,0.74,1.65,24.64
521,529,Pordenone Calcio,Italy Serie B,0.77,1.7,24.62
522,520,Salford City,English League Two,0.81,1.77,24.4
523,522,Black Aces,South African ABSA Premier League,0.81,1.78,24.28
524,535,Pau,French Ligue 2,0.74,1.68,24.27
525,523,Maritzburg Utd,South African ABSA Premier League,0.56,1.39,24.05
526,525,Sacramento Republic FC,United Soccer League,0.8,1.8,23.75
527,528,Lincoln City,English League One,0.73,1.7,23.56
528,526,FC Cincinnati,Major League Soccer,0.74,1.72,23.51
529,527,Lyngby,Danish SAS-Ligaen,0.83,1.87,23.41
530,538,Virtus Entella,Italy Serie B,0.73,1.71,23.32
531,530,Cremonese,Italy Serie B,0.71,1.69,23.22
532,524,Rodez,French Ligue 2,0.75,1.76,23.14
533,533,New Mexico United,United Soccer League,0.81,1.88,22.97
534,532,Helsingborgs IF,Swedish Allsvenskan,0.86,1.94,22.93
535,511,Oxford United,English League One,0.84,1.92,22.82
536,536,Bloem Celtic,South African ABSA Premier League,0.8,1.9,22.37
537,537,Shimizu S-Pulse,Japanese J League,0.94,2.11,22.32
538,541,Dundee Utd,Scottish Premiership,0.7,1.75,22.18
539,540,Orange County SC,United Soccer League,0.77,1.88,21.91
540,544,El Paso Locomotive FC,United Soccer League,0.66,1.7,21.89
541,542,Panionios,Greek Super League,0.51,1.45,21.84
542,539,SK Brann,Norwegian Tippeligaen,0.75,1.85,21.83
543,548,Pisa,Italy Serie B,0.76,1.88,21.71
544,543,Austin Bold FC,United Soccer League,0.94,2.16,21.69
545,545,Charleston Battery,United Soccer League,0.74,1.86,21.6
546,546,Sagan Tosu,Japanese J League,0.64,1.7,21.42
547,552,Volos NFC,Greek Super League,0.65,1.73,21.22
548,554,San Diego Loyal SC,United Soccer League,0.7,1.82,21.09
549,551,Vancouver Whitecaps,Major League Soccer,0.8,1.99,21.06
550,547,St Johnstone,Scottish Premiership,0.63,1.71,21.04
551,558,Vicenza,Italy Serie B,0.75,1.94,20.64
552,556,Indy Eleven,United Soccer League,0.68,1.84,20.5
553,549,Cosenza,Italy Serie B,0.67,1.82,20.36
554,534,Chambly Thelle FC,French Ligue 2,0.69,1.86,20.22
555,557,Varbergs BoIS FC,Swedish Allsvenskan,0.73,1.93,20.14
556,559,Milton Keynes Dons,English League One,0.67,1.86,19.94
557,560,Hamilton Academical,Scottish Premiership,0.87,2.18,19.9
558,561,Birmingham Legion FC,United Soccer League,0.84,2.15,19.81
559,562,Reggiana,Italy Serie B,0.71,1.94,19.77
560,571,Swindon Town,English League One,0.76,2.03,19.51
561,563,Vegalta Sendai,Japanese J League,0.67,1.89,19.45
562,566,St Mirren,Scottish Premiership,0.58,1.76,19.13
563,550,Ascoli,Italy Serie B,0.67,1.93,19.04
564,567,Highlands Park FC,South African ABSA Premier League,0.57,1.75,18.95
565,574,Shonan Bellmare,Japanese J League,0.6,1.82,18.76
566,569,Blackpool,English League One,0.63,1.87,18.74
567,575,Sandefjord,Norwegian Tippeligaen,0.62,1.86,18.56
568,570,Miami FC,United Soccer League,0.83,2.25,18.46
569,555,Wigan,English League One,0.69,2.0,18.38
570,564,US Pescara,Italy Serie B,0.6,1.86,18.3
571,565,IK Start,Norwegian Tippeligaen,0.68,2.0,18.22
572,568,Yokohama FC,Japanese J League,0.66,1.97,18.19
573,573,Saint Louis FC,United Soccer League,0.64,1.94,18.03
574,553,Gillingham,English League One,0.57,1.83,17.95
575,585,Plymouth Argyle,English League One,0.65,1.99,17.74
576,577,Falkenbergs FF,Swedish Allsvenskan,0.67,2.04,17.42
577,578,Central Coast Mariners,Australian A-League,0.78,2.26,17.34
578,580,Burton Albion,English League One,0.76,2.23,17.23
579,581,Golden Arrows,South African ABSA Premier League,0.43,1.63,17.14
580,579,Kalmar FF,Swedish Allsvenskan,0.62,2.0,17.04
581,576,Cheltenham Town,English League Two,0.53,1.84,16.93
582,582,Charlotte Independence,United Soccer League,0.66,2.09,16.87
583,584,North Carolina FC,United Soccer League,0.65,2.09,16.69
584,586,Accrington Stanley,English League One,0.61,2.03,16.42
585,588,LA Galaxy II,United Soccer League,0.84,2.45,16.26
586,590,Exeter City,English League Two,0.59,2.01,16.19
587,572,Ross County,Scottish Premiership,0.58,2.0,16.06
588,587,Colchester United,English League Two,0.6,2.04,15.96
589,609,Crawley Town,English League Two,0.6,2.05,15.92
590,589,Bristol Rovers,English League One,0.55,1.97,15.88
591,591,Polokwane City FC,South African ABSA Premier League,0.47,1.84,15.52
592,592,Tulsa Roughnecks,United Soccer League,0.62,2.14,15.51
593,603,Rochdale,English League One,0.59,2.09,15.26
594,594,Memphis 901 FC,United Soccer League,0.74,2.37,15.25
595,595,Crewe Alexandra,English League One,0.47,1.89,15.03
596,615,Leyton Orient,English League Two,0.59,2.14,14.81
597,598,AFC Wimbledon,English League One,0.48,1.94,14.63
598,596,Mjondalen,Norwegian Tippeligaen,0.55,2.09,14.5
599,583,Shrewsbury Town,English League One,0.47,1.93,14.43
600,593,Oldham Athletic,English League Two,0.67,2.36,14.19
601,599,Chippa United,South African ABSA Premier League,0.26,1.54,13.92
602,600,Hartford Athletic,United Soccer League,0.66,2.37,13.84
603,601,AmaZulu,South African ABSA Premier League,0.31,1.68,13.48
604,604,Real Monarchs SLC,United Soccer League,0.56,2.22,13.33
605,605,Las Vegas Lights FC,United Soccer League,0.67,2.44,13.32
606,606,Aalesund,Norwegian Tippeligaen,0.7,2.54,13.04
607,611,Cambridge United,English League Two,0.47,2.09,12.94
608,621,Port Vale,English League Two,0.4,1.95,12.85
609,608,Baroka FC,South African ABSA Premier League,0.24,1.57,12.84
610,610,Tacoma Defiance,United Soccer League,0.65,2.49,12.51
611,612,Portland Timbers 2,United Soccer League,0.79,2.78,12.37
612,613,Stellenbosch FC,South African ABSA Premier League,0.35,1.89,12.29
613,597,Bolton,English League Two,0.48,2.18,12.24
614,607,Northampton Town,English League One,0.5,2.24,12.06
615,617,Forest Green Rovers,English League Two,0.39,2.02,11.89
616,614,Black Leopards,South African ABSA Premier League,0.39,2.03,11.75
617,626,Barrow,English League Two,0.49,2.26,11.64
618,616,Swope Park Rangers,United Soccer League,0.62,2.56,11.56
619,619,Colorado Springs Switchbacks FC,United Soccer League,0.47,2.27,11.15
620,631,Newport County,English League Two,0.34,1.99,11.11
621,618,Mansfield Town,English League Two,0.44,2.3,10.4
622,602,Bradford City,English League Two,0.35,2.11,10.38
623,623,Oklahoma City Energy FC,United Soccer League,0.42,2.3,10.16
624,624,New York Red Bulls II,United Soccer League,0.64,2.79,10.04
625,625,Rio Grande Valley FC Toros,United Soccer League,0.47,2.42,10.01
626,627,Atlanta United 2,United Soccer League,0.57,2.67,9.86
627,620,Grimsby Town,English League Two,0.35,2.19,9.66
628,629,Carlisle United,English League Two,0.31,2.15,9.27
629,628,Walsall,English League Two,0.3,2.19,8.68
630,622,Tranmere Rovers,English League Two,0.26,2.13,8.55
631,633,Stevenage,English League Two,0.2,2.03,8.05
632,632,Morecambe,English League Two,0.34,2.46,7.72
633,634,Harrogate Town,English League Two,0.2,2.22,6.84
634,630,Southend United,English League Two,0.26,2.43,6.61
635,636,Loudoun United FC,United Soccer League,0.34,2.65,6.51
636,635,Scunthorpe,English League Two,0.27,2.49,6.47
637,637,Bethlehem Steel FC,United Soccer League,0.41,2.99,5.78
